{
  "n": 145707,
  "mean": 264.96411977461617,
  "median": 232.0,
  "std": 221.61672199125465,
  "min": 1.0,
  "max": 2048.0,
  "p5": 12.0,
  "p25": 81.0,
  "p75": 389.0,
  "p95": 657.0,
  "p99": 953.0,
  "skewness": 1.4431624606570523,
  "kurtosis": 4.566218199467842,
  "cv": 0.8364027634374281
}